path	symbol	services	disposition	final_state
app/services/dotmac_sub/sync/_invoices.py	InvoiceSyncMixin._reverse_posted_invoice_gl	gl.reversal	repoint_to_module	caller_repointed
app/services/dotmac_sub/sync/_payments.py	PaymentSyncMixin._ensure_wht_terminal_consequence	gl.journal|gl.posting_adapter|gl.posting_idempotency	repoint_to_module	caller_repointed
app/services/dotmac_sub/sync/_payments.py	PaymentSyncMixin._record_wht_write_off_tax_reversal	gl.period_guard	repoint_to_module	caller_repointed
app/services/dotmac_sub/sync/_payments.py	PaymentSyncMixin._reverse_posted_payment_gl	gl.reversal	repoint_to_module	caller_repointed
app/services/expense/expense_posting_adapter.py	ExpensePostingAdapter.post_cash_advance	gl.journal|gl.posting_adapter	repoint_to_module	caller_repointed
app/services/expense/expense_posting_adapter.py	ExpensePostingAdapter.post_expense_claim	gl.journal|gl.posting_adapter	repoint_to_module	caller_repointed
app/services/expense/expense_posting_adapter.py	ExpensePostingAdapter.post_expense_reimbursement	gl.journal|gl.posting_adapter	repoint_to_module	caller_repointed
app/services/expense/expense_posting_adapter.py	ExpensePostingAdapter.post_expense_reimbursement_reversal	gl.journal|gl.posting_adapter	repoint_to_module	caller_repointed
app/services/expense/expense_posting_adapter.py	ExpensePostingAdapter.post_transfer_fee	gl.journal|gl.posting_adapter	repoint_to_module	caller_repointed
app/services/expense/expense_posting_adapter.py	ExpensePostingAdapter.post_transfer_fee_reversal	gl.journal|gl.posting_adapter	repoint_to_module	caller_repointed
app/services/expense/expense_posting_adapter.py	ExpensePostingAdapter.settle_cash_advance	gl.journal|gl.posting_adapter	repoint_to_module	caller_repointed
app/services/expense/expense_posting_adapter.py	ExpensePostingResult	gl.posting_adapter	repoint_to_module	caller_repointed
app/services/finance/ap/ap_posting_saga.py	APInvoicePostingSaga._compensate_post_to_ledger	gl.reversal	repoint_to_module	caller_repointed
app/services/finance/ap/ap_posting_saga.py	APInvoicePostingSaga._step_create_journal	gl.journal	repoint_to_module	caller_repointed
app/services/finance/ap/ap_posting_saga.py	APInvoicePostingSaga._step_create_tax_transactions	gl.period_guard	repoint_to_module	caller_repointed
app/services/finance/ap/ap_posting_saga.py	APInvoicePostingSaga._step_post_to_ledger	gl.poster	repoint_to_module	caller_repointed
app/services/finance/ap/auto_inventory_receipt.py	APInvoiceAutoReceiptService._fiscal_period_for_date	gl.period_guard	repoint_to_module	caller_repointed
app/services/finance/ap/goods_receipt.py	GoodsReceiptService._create_inventory_transactions_for_receipt	gl.period_guard	repoint_to_module	caller_repointed
app/services/finance/ap/inventory_receipt_approval.py	APInventoryReceiptApprovalService._fiscal_period_for_date	gl.period_guard	repoint_to_module	caller_repointed
app/services/finance/ap/posting/invoice.py	post_invoice	gl.journal|gl.posting_adapter|gl.posting_idempotency	repoint_to_module	caller_repointed
app/services/finance/ap/posting/payment.py	post_payment	gl.journal|gl.posting_accounts|gl.posting_adapter	repoint_to_module	caller_repointed
app/services/finance/ap/posting/payment.py	post_vat_reclass_for_payment	gl.journal|gl.posting_adapter|gl.posting_idempotency	repoint_to_module	caller_repointed
app/services/finance/ap/posting/result.py	APPostingResult	gl.posting_adapter	repoint_to_module	caller_repointed
app/services/finance/ap/posting/reversal.py	reverse_invoice_posting	gl.reversal	repoint_to_module	caller_repointed
app/services/finance/ap/supplier_payment.py	SupplierPaymentService.void_payment	gl.reversal	repoint_to_module	caller_repointed
app/services/finance/ap/supplier_payment.py	_reverse_vat_cash_basis_for_payment	gl.reversal	repoint_to_module	caller_repointed
app/services/finance/ar/ar_inventory_integration.py	ARInventoryIntegration.process_invoice_inventory	gl.journal	repoint_to_module	caller_repointed
app/services/finance/ar/ar_inventory_integration.py	InventoryPostingResult	gl.journal	repoint_to_module	caller_repointed
app/services/finance/ar/ar_posting_saga.py	ARInvoicePostingSaga._compensate_post_to_ledger	gl.reversal	repoint_to_module	caller_repointed
app/services/finance/ar/ar_posting_saga.py	ARInvoicePostingSaga._step_create_journal	gl.journal	repoint_to_module	caller_repointed
app/services/finance/ar/ar_posting_saga.py	ARInvoicePostingSaga._step_create_tax_transactions	gl.period_guard	repoint_to_module	caller_repointed
app/services/finance/ar/ar_posting_saga.py	ARInvoicePostingSaga._step_post_to_ledger	gl.poster	repoint_to_module	caller_repointed
app/services/finance/ar/customer_payment.py	CustomerPaymentService.mark_bounced	gl.reversal	repoint_to_module	caller_repointed
app/services/finance/ar/customer_payment.py	CustomerPaymentService.void_payment	gl.reversal	repoint_to_module	caller_repointed
app/services/finance/ar/customer_payment.py	_reverse_vat_cash_basis_for_payment	gl.reversal	repoint_to_module	caller_repointed
app/services/finance/ar/posting/invoice.py	_absorb_rounding_residue	gl.journal	repoint_to_module	caller_repointed
app/services/finance/ar/posting/invoice.py	post_invoice	gl.journal|gl.period_guard|gl.posting_adapter|gl.posting_idempotency	repoint_to_module	caller_repointed
app/services/finance/ar/posting/payment.py	post_payment	gl.journal|gl.period_guard|gl.posting_accounts|gl.posting_adapter|gl.posting_idempotency	repoint_to_module	caller_repointed
app/services/finance/ar/posting/payment.py	post_vat_reclass_for_payment	gl.journal|gl.posting_adapter|gl.posting_idempotency	repoint_to_module	caller_repointed
app/services/finance/ar/posting/result.py	ARPostingResult	gl.posting_adapter	repoint_to_module	caller_repointed
app/services/finance/automation/recurring.py	RecurringService.generate_journal	gl.period_guard	repoint_to_module	caller_repointed
app/services/finance/banking/auto_reconciliation_parts/core.py	AutoReconciliationCoreService._post_with_period_fallback	gl.posting_adapter	repoint_to_module	caller_repointed
app/services/finance/banking/auto_reconciliation_parts/special.py	AutoReconciliationSpecialService._match_bank_fees	gl.journal|gl.posting_adapter	repoint_to_module	caller_repointed
app/services/finance/banking/auto_reconciliation_parts/special.py	AutoReconciliationSpecialService._match_settlements	gl.journal|gl.posting_adapter	repoint_to_module	caller_repointed
app/services/finance/banking/programmatic_parts/special_strategies.py	BankFeeStrategy.run	gl.journal|gl.posting_adapter	repoint_to_module	caller_repointed
app/services/finance/banking/programmatic_parts/special_strategies.py	InterbankCounterpartStrategy.run	gl.journal|gl.posting_adapter	repoint_to_module	caller_repointed
app/services/finance/banking/reconciliation_engine_parts/handlers.py	ReconciliationEngineHandlers._handle_bank_fee	gl.journal|gl.posting_adapter	repoint_to_module	caller_repointed
app/services/finance/banking/reconciliation_engine_parts/handlers.py	ReconciliationEngineHandlers._handle_inter_bank	gl.journal|gl.posting_adapter	repoint_to_module	caller_repointed
app/services/finance/banking/reconciliation_parts/matching.py	ReconciliationMatchingService.create_journal_and_match	gl.journal	repoint_to_module	caller_repointed
app/services/finance/cons/cons_posting_adapter.py	CONSPostingAdapter.post_elimination_entry	gl.journal	repoint_to_module	caller_repointed
app/services/finance/cons/cons_posting_adapter.py	CONSPostingAdapter.post_nci_allocation	gl.journal	repoint_to_module	caller_repointed
app/services/finance/cons/cons_posting_adapter.py	CONSPostingAdapter.post_translation_adjustment	gl.journal	repoint_to_module	caller_repointed
app/services/finance/exp/expense.py	ExpenseService.post	gl.journal|gl.period_guard|gl.posting_adapter	repoint_to_module	caller_repointed
app/services/finance/gl/__init__.py	__getattr__	gl.balances	gl_internal	retired_with_gl_owner
app/services/finance/gl/account_balance.py	AccountBalanceService.get_account_balance_read	gl.coa	gl_internal	retired_with_gl_owner
app/services/finance/gl/bulk.py	AccountBulkService.export_all	gl.coa	gl_internal	retired_with_gl_owner
app/services/finance/gl/bulk.py	JournalBulkService.bulk_approve	gl.journal	gl_internal	retired_with_gl_owner
app/services/finance/gl/bulk.py	JournalBulkService.bulk_post	gl.journal	gl_internal	retired_with_gl_owner
app/services/finance/gl/bulk.py	JournalBulkService.export_all	gl.journal_query	gl_internal	retired_with_gl_owner
app/services/finance/gl/fx_revaluation.py	FXRevaluationService._build_journal_input	gl.journal	gl_internal	retired_with_gl_owner
app/services/finance/gl/fx_revaluation.py	FXRevaluationService._build_reversal_input	gl.journal	gl_internal	retired_with_gl_owner
app/services/finance/gl/fx_revaluation.py	FXRevaluationService.post	gl.journal|gl.reversal	gl_internal	retired_with_gl_owner
app/services/finance/gl/gl_posting_adapter.py	GLPostingAdapter.create_and_post_journal	gl.journal	gl_internal	retired_with_gl_owner
app/services/finance/gl/gl_posting_adapter.py	GLPostingAdapter.post_manual_journal	gl.journal	gl_internal	retired_with_gl_owner
app/services/finance/gl/journal.py	JournalService.build_input_from_payload	gl.period_guard	gl_internal	retired_with_gl_owner
app/services/finance/gl/journal.py	JournalService.create_journal	gl.period_guard	gl_internal	retired_with_gl_owner
app/services/finance/gl/journal.py	JournalService.post_journal	gl.poster	gl_internal	retired_with_gl_owner
app/services/finance/gl/journal.py	JournalService.reverse_entry	gl.reversal	gl_internal	retired_with_gl_owner
app/services/finance/gl/journal.py	JournalService.update_journal	gl.period_guard	gl_internal	retired_with_gl_owner
app/services/finance/gl/ledger_posting.py	LedgerPostingService.post_entry	gl.journal	gl_internal	retired_with_gl_owner
app/services/finance/gl/ledger_posting.py	LedgerPostingService.post_journal_entry	gl.balances|gl.period_guard	gl_internal	retired_with_gl_owner
app/services/finance/gl/period_close.py	close_periods	gl.calendar	gl_internal	retired_with_gl_owner
app/services/finance/gl/posting_backlog.py	post_approved_journals	gl.journal	gl_internal	retired_with_gl_owner
app/services/finance/gl/reversal.py	ReversalService.create_reversal	gl.period_guard|gl.poster	gl_internal	retired_with_gl_owner
app/services/finance/gl/stranded_fee_posting.py	post_one	gl.poster	gl_internal	retired_with_gl_owner
app/services/finance/gl/web/__init__.py	GLWebService.bulk_activate_accounts_response	gl.bulk_posting	gl_internal	retired_with_gl_owner
app/services/finance/gl/web/__init__.py	GLWebService.bulk_approve_journals_response	gl.bulk_posting	gl_internal	retired_with_gl_owner
app/services/finance/gl/web/__init__.py	GLWebService.bulk_deactivate_accounts_response	gl.bulk_posting	gl_internal	retired_with_gl_owner
app/services/finance/gl/web/__init__.py	GLWebService.bulk_delete_accounts_response	gl.bulk_posting	gl_internal	retired_with_gl_owner
app/services/finance/gl/web/__init__.py	GLWebService.bulk_delete_journals_response	gl.bulk_posting	gl_internal	retired_with_gl_owner
app/services/finance/gl/web/__init__.py	GLWebService.bulk_export_accounts_response	gl.bulk_posting	gl_internal	retired_with_gl_owner
app/services/finance/gl/web/__init__.py	GLWebService.bulk_export_journals_response	gl.bulk_posting	gl_internal	retired_with_gl_owner
app/services/finance/gl/web/__init__.py	GLWebService.bulk_post_journals_response	gl.bulk_posting	gl_internal	retired_with_gl_owner
app/services/finance/gl/web/__init__.py	GLWebService.export_all_accounts_response	gl.bulk_posting	gl_internal	retired_with_gl_owner
app/services/finance/gl/web/__init__.py	GLWebService.export_all_journals_response	gl.bulk_posting	gl_internal	retired_with_gl_owner
app/services/finance/gl/web/__init__.py	GLWebService.export_all_ledger_response	gl.bulk_posting	gl_internal	retired_with_gl_owner
app/services/finance/gl/web/__init__.py	GLWebService.export_or_queue_ledger_response	gl.bulk_posting	gl_internal	retired_with_gl_owner
app/services/finance/gl/web/account_web.py	AccountWebService.account_form_context	gl.coa	gl_internal	retired_with_gl_owner
app/services/finance/gl/web/account_web.py	AccountWebService.category_tree_response	gl.coa	gl_internal	retired_with_gl_owner
app/services/finance/gl/web/account_web.py	AccountWebService.create_account	gl.coa	gl_internal	retired_with_gl_owner
app/services/finance/gl/web/account_web.py	AccountWebService.delete_account	gl.coa	gl_internal	retired_with_gl_owner
app/services/finance/gl/web/account_web.py	AccountWebService.list_accounts_context	gl.coa	gl_internal	retired_with_gl_owner
app/services/finance/gl/web/account_web.py	AccountWebService.update_account	gl.coa	gl_internal	retired_with_gl_owner
app/services/finance/gl/web/account_web.py	_calculate_account_balance_trends	gl.balances	gl_internal	retired_with_gl_owner
app/services/finance/gl/web/account_web.py	_calculate_account_balances	gl.balances	gl_internal	retired_with_gl_owner
app/services/finance/gl/web/fx_revaluation_web.py	FXRevaluationWebService.post_response	gl.fx_revaluation	gl_internal	retired_with_gl_owner
app/services/finance/gl/web/fx_revaluation_web.py	FXRevaluationWebService.preview_response	gl.fx_revaluation	gl_internal	retired_with_gl_owner
app/services/finance/gl/web/journal_web.py	JournalWebService.create_journal	gl.journal	gl_internal	retired_with_gl_owner
app/services/finance/gl/web/journal_web.py	JournalWebService.delete_journal	gl.journal	gl_internal	retired_with_gl_owner
app/services/finance/gl/web/journal_web.py	JournalWebService.list_journals_context	gl.journal_query	gl_internal	retired_with_gl_owner
app/services/finance/gl/web/journal_web.py	JournalWebService.post_journal_response	gl.journal	gl_internal	retired_with_gl_owner
app/services/finance/gl/web/journal_web.py	JournalWebService.reverse_journal_response	gl.journal	gl_internal	retired_with_gl_owner
app/services/finance/gl/web/journal_web.py	JournalWebService.update_journal	gl.journal	gl_internal	retired_with_gl_owner
app/services/finance/gl/web/period_web.py	PeriodWebService.close_period	gl.calendar	gl_internal	retired_with_gl_owner
app/services/finance/gl/web/period_web.py	PeriodWebService.close_period_response	gl.calendar	gl_internal	retired_with_gl_owner
app/services/finance/gl/web/period_web.py	PeriodWebService.create_period_response	gl.calendar	gl_internal	retired_with_gl_owner
app/services/finance/gl/web/period_web.py	PeriodWebService.open_period_response	gl.calendar	gl_internal	retired_with_gl_owner
app/services/finance/import_export/opening_balance.py	OpeningBalanceImporter.import_file	gl.period_guard	repoint_to_module	caller_repointed
app/services/finance/lease/lease_posting_adapter.py	LeasePostingAdapter.post_initial_recognition	gl.journal|gl.posting_adapter	repoint_to_module	caller_repointed
app/services/finance/lease/lease_posting_adapter.py	LeasePostingAdapter.post_interest_accrual	gl.journal|gl.posting_adapter	repoint_to_module	caller_repointed
app/services/finance/lease/lease_posting_adapter.py	LeasePostingAdapter.post_lease_payment	gl.journal|gl.posting_adapter	repoint_to_module	caller_repointed
app/services/finance/lease/lease_posting_adapter.py	LeasePostingAdapter.post_lease_termination	gl.journal|gl.posting_adapter	repoint_to_module	caller_repointed
app/services/finance/lease/lease_posting_adapter.py	LeasePostingAdapter.post_rou_depreciation	gl.journal|gl.posting_adapter	repoint_to_module	caller_repointed
app/services/finance/lease/lease_posting_adapter.py	LeasePostingResult	gl.posting_adapter	repoint_to_module	caller_repointed
app/services/finance/platform/outbox_reconciler.py	OutboxBalanceReconciler.reconcile_period	gl.balances	keep_local	retained_erp_caller
app/services/finance/posting/base.py	BasePostingAdapter.create_and_approve_journal	gl.journal	gl_internal	retired_with_gl_owner
app/services/finance/posting/base.py	BasePostingAdapter.create_approve_and_post_journal	gl.journal	gl_internal	retired_with_gl_owner
app/services/finance/posting/base.py	BasePostingAdapter.post_to_ledger	gl.poster	gl_internal	retired_with_gl_owner
app/services/finance/rpt/day_books.py	journal_day_book_context	gl.journal_query	repoint_to_module	caller_repointed
app/services/finance/tax/tax_posting_adapter.py	TAXPostingAdapter.post_current_tax_provision	gl.journal|gl.posting_adapter	repoint_to_module	caller_repointed
app/services/finance/tax/tax_posting_adapter.py	TAXPostingAdapter.post_deferred_tax_movement	gl.journal|gl.posting_adapter	repoint_to_module	caller_repointed
app/services/finance/tax/tax_posting_adapter.py	TAXPostingAdapter.post_tax_transaction	gl.journal|gl.posting_adapter	repoint_to_module	caller_repointed
app/services/finance/tax/tax_posting_adapter.py	TAXPostingResult	gl.posting_adapter	repoint_to_module	caller_repointed
app/services/fixed_assets/fa_posting_adapter.py	FAPostingAdapter.post_asset_acquisition	gl.journal|gl.posting_adapter	repoint_to_module	caller_repointed
app/services/fixed_assets/fa_posting_adapter.py	FAPostingAdapter.post_asset_disposal	gl.journal|gl.posting_adapter	repoint_to_module	caller_repointed
app/services/fixed_assets/fa_posting_adapter.py	FAPostingAdapter.post_depreciation_run	gl.journal|gl.posting_adapter	repoint_to_module	caller_repointed
app/services/fixed_assets/fa_posting_adapter.py	FAPostingAdapter.post_revaluation	gl.journal|gl.posting_adapter	repoint_to_module	caller_repointed
app/services/fixed_assets/fa_posting_adapter.py	FAPostingResult	gl.posting_adapter	repoint_to_module	caller_repointed
app/services/fixed_assets/reconciliation.py	FixedAssetGLReconciliationPackageService.create_draft_correction_journal	gl.period_guard	repoint_to_module	caller_repointed
app/services/inventory/material_request_web.py	MaterialRequestWebService.approve_request	gl.period_guard	repoint_to_module	caller_repointed
app/services/inventory/posting/adjustment.py	post_adjustment	gl.journal|gl.posting_adapter	repoint_to_module	caller_repointed
app/services/inventory/posting/issue.py	post_issue	gl.journal|gl.posting_adapter	repoint_to_module	caller_repointed
app/services/inventory/posting/receipt.py	post_receipt	gl.journal|gl.posting_adapter	repoint_to_module	caller_repointed
app/services/inventory/posting/result.py	INVPostingResult	gl.posting_adapter	repoint_to_module	caller_repointed
app/services/inventory/return_web.py	InventoryReturnWebService.create_from_form	gl.period_guard	repoint_to_module	caller_repointed
app/services/inventory/web.py	InventoryTransactionWebService.create_adjustment_response	gl.period_guard	repoint_to_module	caller_repointed
app/services/inventory/web.py	InventoryTransactionWebService.create_transaction_response	gl.period_guard	repoint_to_module	caller_repointed
app/services/inventory/web.py	InventoryTransactionWebService.create_transfer_response	gl.period_guard	repoint_to_module	caller_repointed
app/services/people/integrations/payroll_gl_adapter.py	PayrollGLAdapter._post_payroll_run_consolidated	gl.posting_adapter	repoint_to_module	caller_repointed
app/services/people/integrations/payroll_gl_adapter.py	PayrollGLAdapter.post_salary_slip	gl.posting_adapter	repoint_to_module	caller_repointed
app/services/people/integrations/payroll_gl_adapter.py	PayrollGLAdapter.reverse_salary_slip_posting	gl.journal	repoint_to_module	caller_repointed
app/services/people/payroll/payroll_gl_adapter.py	PayrollGLAdapter.create_run_journal	gl.journal|gl.posting_adapter	repoint_to_module	caller_repointed
app/services/people/payroll/payroll_gl_adapter.py	PayrollGLAdapter.create_slip_journal	gl.journal|gl.posting_adapter	repoint_to_module	caller_repointed
app/services/people/payroll/payroll_gl_adapter.py	PayrollGLAdapter.post_payroll_entry	gl.journal|gl.posting_adapter	repoint_to_module	caller_repointed
app/services/people/payroll/payroll_gl_adapter.py	PayrollGLAdapter.post_salary_slip	gl.journal|gl.posting_adapter	repoint_to_module	caller_repointed
app/services/people/payroll/payroll_gl_adapter.py	PayrollGLAdapter.reverse_salary_slip_posting	gl.reversal	repoint_to_module	caller_repointed
app/services/people/payroll/payroll_gl_adapter.py	PayrollPostingResult	gl.posting_adapter	repoint_to_module	caller_repointed
app/tasks/data_health.py	fix_unbalanced_posted_journals	gl.reversal	repoint_to_module	caller_repointed
app/tasks/finance.py	_build_list_export_response	gl.bulk_posting	repoint_to_module	caller_repointed
app/tasks/finance.py	rebuild_account_balances	gl.balances	keep_local	retained_erp_caller
app/tasks/finance.py	refresh_stale_balances	gl.balances	keep_local	retained_erp_caller
app/tasks/gl_posting.py	post_approved_journal_backlog	gl.posting_backlog	repoint_to_module	caller_repointed
app/tasks/gl_posting.py	post_stranded_source_journals	gl.stranded_fee_posting	repoint_to_module	caller_repointed
app/tasks/outbox_relay.py	handle_ledger_posting_completed	gl.balances	keep_local	retained_erp_caller
app/tools/fix_unmatched_2025_paystack_opex_acc_pay_lines.py	_ensure_extra_reimbursement_journal	gl.journal|gl.posting_adapter	repoint_to_module	caller_repointed
app/tools/reclass_expense_wht_balance.py	main	gl.journal|gl.posting_adapter	repoint_to_module	caller_repointed
app/web/finance/gl.py	suggest_account_code	gl.coa	repoint_to_module	caller_repointed
scripts/close_fiscal_periods.py	main	gl.period_close	repoint_to_module	caller_repointed
scripts/fix_duplicate_ar_journals.py	run	gl.reversal	repoint_to_module	caller_repointed
scripts/import_tb_audit.py	post_journal	gl.poster	repoint_to_module	caller_repointed
scripts/migration/2026-04-30_backfill_deferred_vat.py	_backfill_ap_invoices	gl.journal	repoint_to_module	caller_repointed
scripts/migration/2026-04-30_backfill_deferred_vat.py	_backfill_ar_invoices	gl.journal	repoint_to_module	caller_repointed
scripts/migration/2026-04-30_backfill_deferred_vat.py	_post_reclass_journal	gl.journal|gl.posting_adapter	repoint_to_module	caller_repointed
scripts/post_approved_journals.py	main	gl.posting_backlog	repoint_to_module	caller_repointed
scripts/post_stranded_bank_fees.py	main	gl.stranded_fee_posting	repoint_to_module	caller_repointed
scripts/seed_demo_banking.py	main	gl.journal	repoint_to_module	caller_repointed
scripts/seed_demo_transactions.py	main	gl.calendar	repoint_to_module	caller_repointed
scripts/seed_e2e_data.py	ensure_fiscal_year	gl.calendar	repoint_to_module	caller_repointed
