path	symbol	relations	evidence	disposition	final_state
app/services/finance/ap/ap_posting_saga.py	APInvoicePostingSaga._compensate_create_journal	gl.journal_entry	attribute_assignment	retire_with_accounting_cutover	writer_removed
app/services/finance/ar/ar_posting_saga.py	ARInvoicePostingSaga._compensate_create_journal	gl.journal_entry	attribute_assignment	retire_with_accounting_cutover	writer_removed
app/services/finance/automation/recurring.py	RecurringService.generate_journal	gl.journal_entry|gl.journal_entry_line	constructor|session_add	retire_with_accounting_cutover	writer_removed
app/services/finance/gl/account_balance.py	AccountBalanceService.rebuild_balances_for_period	gl.account_balance	constructor|session_add|sql_dml	keep_local	retained_erp_writer
app/services/finance/gl/account_balance.py	AccountBalanceService.rollover_opening_balances	gl.account_balance	attribute_assignment|constructor|session_add	keep_local	retained_erp_writer
app/services/finance/gl/account_balance.py	AccountBalanceService.update_balance_for_posting	gl.account_balance	attribute_assignment|constructor|session_add	keep_local	retained_erp_writer
app/services/finance/gl/balance_invalidation.py	BalanceInvalidationService.invalidate	gl.account_balance|gl.balance_refresh_queue	attribute_assignment|constructor|session_add|sql_dml	keep_local	retained_erp_writer
app/services/finance/gl/balance_refresh.py	BalanceRefreshService._refresh_balance	gl.account_balance	attribute_assignment|constructor|session_add	keep_local	retained_erp_writer
app/services/finance/gl/chart_of_accounts.py	ChartOfAccountsService.create_account	gl.account	constructor|session_add	retire_with_accounting_cutover	writer_removed
app/services/finance/gl/chart_of_accounts.py	ChartOfAccountsService.ensure_default_categories	gl.account_category	constructor	retire_with_accounting_cutover	writer_removed
app/services/finance/gl/fiscal_period.py	FiscalPeriodService.create_period	gl.fiscal_period	constructor|session_add	retire_with_accounting_cutover	writer_removed
app/services/finance/gl/fiscal_period.py	FiscalPeriodService.hard_close_period	gl.fiscal_period	attribute_assignment	retire_with_accounting_cutover	writer_removed
app/services/finance/gl/fiscal_period.py	FiscalPeriodService.open_period	gl.fiscal_period	attribute_assignment	retire_with_accounting_cutover	writer_removed
app/services/finance/gl/fiscal_period.py	FiscalPeriodService.reopen_period	gl.fiscal_period	attribute_assignment	retire_with_accounting_cutover	writer_removed
app/services/finance/gl/fiscal_period.py	FiscalPeriodService.soft_close_period	gl.fiscal_period	attribute_assignment	retire_with_accounting_cutover	writer_removed
app/services/finance/gl/fiscal_year.py	FiscalYearService.close_year	gl.fiscal_year	attribute_assignment	retire_with_accounting_cutover	writer_removed
app/services/finance/gl/fiscal_year.py	FiscalYearService.create_year	gl.fiscal_year	constructor|session_add	retire_with_accounting_cutover	writer_removed
app/services/finance/gl/fiscal_year.py	FiscalYearService.create_year_with_periods	gl.fiscal_period	constructor|session_add	retire_with_accounting_cutover	writer_removed
app/services/finance/gl/journal.py	JournalService.approve_journal	gl.journal_entry	attribute_assignment	retire_with_accounting_cutover	writer_removed
app/services/finance/gl/journal.py	JournalService.create_journal	gl.journal_entry|gl.journal_entry_line	constructor|session_add	retire_with_accounting_cutover	writer_removed
app/services/finance/gl/journal.py	JournalService.delete_journal	gl.journal_entry	session_delete	retire_with_accounting_cutover	writer_removed
app/services/finance/gl/journal.py	JournalService.reverse_entry	gl.journal_entry|gl.journal_entry_line	attribute_assignment|constructor|session_add	retire_with_accounting_cutover	writer_removed
app/services/finance/gl/journal.py	JournalService.submit_journal	gl.journal_entry	attribute_assignment	retire_with_accounting_cutover	writer_removed
app/services/finance/gl/journal.py	JournalService.update_journal	gl.journal_entry|gl.journal_entry_line	attribute_assignment|constructor|session_add|sql_dml	retire_with_accounting_cutover	writer_removed
app/services/finance/gl/journal.py	JournalService.void_journal	gl.journal_entry	attribute_assignment	retire_with_accounting_cutover	writer_removed
app/services/finance/gl/ledger_posting.py	LedgerPostingService._retire_superseded_batch_key	gl.posting_batch	attribute_assignment	retire_with_accounting_cutover	writer_removed
app/services/finance/gl/ledger_posting.py	LedgerPostingService.post_journal_entry	gl.journal_entry|gl.posted_ledger_line|gl.posting_batch	attribute_assignment|constructor|session_add	retire_with_accounting_cutover	writer_removed
app/services/finance/gl/period_guard.py	PeriodGuardService._ensure_period_exists	gl.fiscal_period|gl.fiscal_year	constructor|session_add	retire_with_accounting_cutover	writer_removed
app/services/finance/gl/period_guard.py	PeriodGuardService.close_reopen_session	gl.fiscal_period	attribute_assignment	retire_with_accounting_cutover	writer_removed
app/services/finance/gl/period_guard.py	PeriodGuardService.hard_close_period	gl.fiscal_period	attribute_assignment	retire_with_accounting_cutover	writer_removed
app/services/finance/gl/period_guard.py	PeriodGuardService.open_period	gl.fiscal_period	attribute_assignment	retire_with_accounting_cutover	writer_removed
app/services/finance/gl/period_guard.py	PeriodGuardService.reopen_period	gl.fiscal_period	attribute_assignment	retire_with_accounting_cutover	writer_removed
app/services/finance/gl/period_guard.py	PeriodGuardService.soft_close_period	gl.fiscal_period	attribute_assignment	retire_with_accounting_cutover	writer_removed
app/services/finance/gl/reversal.py	ReversalService.create_reversal	gl.journal_entry|gl.journal_entry_line	attribute_assignment|constructor|session_add	retire_with_accounting_cutover	writer_removed
app/services/finance/import_export/accounts.py	AccountCategoryImporter.create_entity	gl.account_category	constructor	retire_with_accounting_cutover	writer_removed
app/services/finance/import_export/accounts.py	AccountImporter.create_entity	gl.account	constructor	retire_with_accounting_cutover	writer_removed
app/services/finance/import_export/opening_balance.py	OpeningBalanceImporter.import_file	gl.journal_entry|gl.journal_entry_line	constructor|session_add	retire_with_accounting_cutover	writer_removed
app/services/finance/posting/base.py	BasePostingAdapter._revert_unposted_journal	gl.journal_entry	attribute_assignment	retire_with_accounting_cutover	writer_removed
app/services/finance/posting/base.py	BasePostingAdapter.submit_and_approve_as_system	gl.journal_entry	attribute_assignment	retire_with_accounting_cutover	writer_removed
app/services/finance/tax/seed.py	_ensure_account	gl.account	attribute_assignment|constructor|session_add	retire_with_accounting_cutover	writer_removed
app/services/finance/tax/seed.py	_ensure_category	gl.account_category	constructor|session_add	retire_with_accounting_cutover	writer_removed
app/services/fixed_assets/reconciliation.py	FixedAssetGLReconciliationPackageService.create_draft_correction_journal	gl.journal_entry|gl.journal_entry_line	constructor|session_add	retire_with_accounting_cutover	writer_removed
app/tasks/data_health.py	rebuild_account_balances	gl.account_balance	attribute_assignment|constructor|session_add	keep_local	retained_erp_writer
scripts/accounting_gate_g_detector.sql	<file>	gl.journal_entry	raw_sql_dml	operator_tool	tool_archived
scripts/accounting_stranded_repost_detector.sql	<file>	gl.journal_entry	raw_sql_dml	operator_tool	tool_archived
scripts/backfill_gl_postings.py	prepare_fiscal_periods	gl.fiscal_period|gl.fiscal_year	attribute_assignment|constructor|session_add	operator_tool	tool_repointed
scripts/backfill_gl_postings.py	restore_fiscal_periods	gl.fiscal_period	attribute_assignment	operator_tool	tool_repointed
scripts/backfill_inventory_gl_postings.py	prepare_inventory_fiscal_periods	gl.fiscal_period|gl.fiscal_year	attribute_assignment|constructor|session_add	operator_tool	tool_repointed
scripts/backfill_inventory_gl_postings.py	restore_inventory_fiscal_periods	gl.fiscal_period	attribute_assignment	operator_tool	tool_repointed
scripts/bulk_gl_backfill.sql	<file>	gl.journal_entry|gl.journal_entry_line|gl.posted_ledger_line|gl.posting_batch	raw_sql_dml	operator_tool	tool_archived
scripts/bulk_gl_backfill_ar_payments.sql	<file>	gl.journal_entry|gl.journal_entry_line|gl.posted_ledger_line|gl.posting_batch	raw_sql_dml	operator_tool	tool_archived
scripts/bulk_gl_backfill_expenses.sql	<file>	gl.journal_entry|gl.journal_entry_line|gl.posted_ledger_line|gl.posting_batch	raw_sql_dml	operator_tool	tool_archived
scripts/bulk_gl_backfill_invoices.sql	<file>	gl.journal_entry|gl.journal_entry_line|gl.posted_ledger_line|gl.posting_batch	raw_sql_dml	operator_tool	tool_archived
scripts/bulk_gl_backfill_phase1.sql	<file>	gl.journal_entry|gl.journal_entry_line|gl.posted_ledger_line|gl.posting_batch	raw_sql_dml	operator_tool	tool_archived
scripts/bulk_import.py	BulkImporter._ensure_fiscal_periods	gl.fiscal_period|gl.fiscal_year	constructor|session_add	operator_tool	tool_repointed
scripts/bulk_import.py	BulkImporter.import_chart_of_accounts	gl.account|gl.account_category	constructor|session_add	operator_tool	tool_repointed
scripts/bulk_import.py	BulkImporter.import_journals	gl.journal_entry|gl.journal_entry_line	constructor|session_add	operator_tool	tool_repointed
scripts/bulk_match_cross_account_transfers.sql	<file>	gl.journal_entry|gl.journal_entry_line|gl.posted_ledger_line|gl.posting_batch	raw_sql_dml	operator_tool	tool_archived
scripts/bulk_match_paystack_settlements.sql	<file>	gl.journal_entry|gl.journal_entry_line|gl.posted_ledger_line|gl.posting_batch	raw_sql_dml	operator_tool	tool_archived
scripts/bulk_match_uba_zenith_transfers.sql	<file>	gl.journal_entry|gl.journal_entry_line|gl.posted_ledger_line|gl.posting_batch	raw_sql_dml	operator_tool	tool_archived
scripts/bulk_match_zenith_contras.sql	<file>	gl.journal_entry|gl.journal_entry_line|gl.posted_ledger_line|gl.posting_batch	raw_sql_dml	operator_tool	tool_archived
scripts/delete_void_bank_recon_jes.py	run	gl.journal_entry|gl.journal_entry_line	raw_sql_dml	operator_tool	tool_repointed
scripts/fix_credit_note_journals.sql	<file>	gl.journal_entry|gl.journal_entry_line|gl.posted_ledger_line|gl.posting_batch	raw_sql_dml	operator_tool	tool_archived
scripts/import_dotmac_tb.py	create_accounts	gl.account	constructor|session_add	operator_tool	tool_repointed
scripts/import_dotmac_tb.py	create_categories	gl.account_category	constructor|session_add	operator_tool	tool_repointed
scripts/import_dotmac_tb.py	create_fiscal_years	gl.fiscal_period|gl.fiscal_year	constructor|session_add	operator_tool	tool_repointed
scripts/import_dotmac_tb.py	create_opening_balance_journal	gl.journal_entry|gl.journal_entry_line	attribute_assignment|constructor|session_add	operator_tool	tool_repointed
scripts/import_tb_audit.py	create_opening_balance_journal	gl.journal_entry|gl.journal_entry_line	attribute_assignment|constructor|session_add	operator_tool	tool_repointed
scripts/import_tb_audit.py	ensure_accounts	gl.account	constructor|session_add	operator_tool	tool_repointed
scripts/import_tb_audit.py	ensure_categories	gl.account_category	constructor|session_add	operator_tool	tool_repointed
scripts/import_tb_audit.py	reopen_period	gl.fiscal_year	attribute_assignment	operator_tool	tool_repointed
scripts/migration/2026-04-28_opening_balance_cleanup_apply.sql	<file>	gl.journal_entry|gl.journal_entry_line|gl.posted_ledger_line|gl.posting_batch	raw_sql_dml	operator_tool	tool_archived
scripts/migration/2026-04-28_tax_opening_cleanup_wave2_apply.sql	<file>	gl.journal_entry|gl.journal_entry_line|gl.posted_ledger_line	raw_sql_dml	operator_tool	tool_archived
scripts/seed_e2e_data.py	ensure_account	gl.account	constructor|session_add	operator_tool	tool_repointed
scripts/seed_e2e_data.py	ensure_categories	gl.account_category	constructor|session_add	operator_tool	tool_repointed
scripts/seed_e2e_data.py	ensure_fiscal_year	gl.fiscal_period	attribute_assignment	operator_tool	tool_repointed
scripts/void_bank_recon_jes.py	execute_void	gl.journal_entry	raw_sql_dml	operator_tool	tool_repointed
